title,URL
南京10家随时都在排队的馆子！你吃过几家？,https://mp.weixin.qq.com/s?src=11&timestamp=1570191546&ver=1892&signature=R*V9ObO9KD**8uJYBIODgZeM*WWOYKomce79lzT4kFeyTW4JRckw6bugWgNaihXwvjysrpM--3wBw3fOTKI6LmY7vI5CNfF*RLjTIw4u9LNKSANdH78OQMnCtGvmoVSK&new=1
2019年南京打卡清单，承包你一整年的吃喝玩乐！,https://mp.weixin.qq.com/s?src=11&timestamp=1570191546&ver=1892&signature=R*V9ObO9KD**8uJYBIODgZeM*WWOYKomce79lzT4kFe*ui2QmTr5FBT*v1KIndI6Br7oHI4coj3YyPJ2PyJlniTf70nMc-qysXM-4lWzgMKACspApZ5payQB*4bRdfGl&new=1
外地人来南京吃喝指南,https://mp.weixin.qq.com/s?src=11&timestamp=1570191546&ver=1892&signature=R*V9ObO9KD**8uJYBIODgZeM*WWOYKomce79lzT4kFf8y*N6slC6MjyVSiF8Xr1x2r8K5DfyW3MaQkZMfOXzShILeIWOpyXu5o5VvmFTwlDKg0IzgsjrGCTLuM*1Fh8-&new=1
南京这8个冷门景点，人少景美不要钱！小长假走起！,https://mp.weixin.qq.com/s?src=11&timestamp=1570191546&ver=1892&signature=R*V9ObO9KD**8uJYBIODgZeM*WWOYKomce79lzT4kFerRs7L9SefmeOagLXhs-jNp4m9huoDLc7rTqKlm2FKma-TCZzD16zhHkIk*kZsp6ZLNOy7fzstRkSAR3RKdDPY&new=1
南京50家老牌名店招牌菜图鉴，你都吃过吗？,https://mp.weixin.qq.com/s?src=11&timestamp=1570191546&ver=1892&signature=R*V9ObO9KD**8uJYBIODgZeM*WWOYKomce79lzT4kFenRmBVqdc4RWslYR5b6PVlHgATtC*X3WCOeb7TP23h5sNF-FV6JyO41rqMG4FCe2VXMQnOG5zITZ22tdOpCMWm&new=1
南京人秋天必吃的14件美食，全都吃过你的秋天才算完整！,https://mp.weixin.qq.com/s?src=11&timestamp=1570191546&ver=1892&signature=R*V9ObO9KD**8uJYBIODgZeM*WWOYKomce79lzT4kFeUNQLjWh-sEBHVGbOZArUBhp4jbs9IOVWadKQHBe-tV9UN9G65AY5pojAJKZxad0v8-uaNJm3StHmA0wlG68va&new=1
再过几天，南京这些景点将统统免费，不知道就亏大了！,https://mp.weixin.qq.com/s?src=11&timestamp=1570191546&ver=1892&signature=R*V9ObO9KD**8uJYBIODgZeM*WWOYKomce79lzT4kFeskSYJao4Q*laptAt4rDq27YDgyegCjTbWP1iCkHLjH*TAiPGpIVb36Qx3zg4DyfepIuTPWJngZ4g49beK223x&new=1
南京这30个小众景点，避开人人人，五一假期走起！,https://mp.weixin.qq.com/s?src=11&timestamp=1570191546&ver=1892&signature=R*V9ObO9KD**8uJYBIODgZeM*WWOYKomce79lzT4kFdCAKYxLgnhJgI3FUF5ozdLekmMvDZG9uizkosm-bZeQXk3*oUjjovpP9Fu0pV2QhK*TjkU9-KTrfyXipghrTCC&new=1
十一假期接待指南！不要再问我来南京玩什么了！,https://mp.weixin.qq.com/s?src=11&timestamp=1570191546&ver=1892&signature=R*V9ObO9KD**8uJYBIODgZeM*WWOYKomce79lzT4kFfq9iISFoEF7P**b6af5by4bTQf1gv-I0Ry-3UO3MfIhks6i0Q6YfNMGur7m6JAkto*vRYK3eCgO2tGwc76vHBE&new=1
我想有一个南京朋友！,https://mp.weixin.qq.com/s?src=11&timestamp=1570191546&ver=1892&signature=R*V9ObO9KD**8uJYBIODgZeM*WWOYKomce79lzT4kFefklDpOVOYmPosK9YWyJoOA3t9HS4znrDnzWrcNEQTlfNJ6kEBh5Tp8gYFfOZZ1shJ9iKmFtJmWafFydjBBE-S&new=1
今年起，南京要成为最好玩的地方啦！,https://mp.weixin.qq.com/s?src=11&timestamp=1570191715&ver=1892&signature=R*V9ObO9KD**8uJYBIODgZeM*WWOYKomce79lzT4kFdET9rVl367GZiTEOg75AsWwHwamhhf-VLtixcfuJuEEtOVWfYAbrQ6PCoUVCxSazx-IEYFEgCVHru*OrElLAHZ&new=1
门票免费！南京主城区竟藏着一片“绿野仙踪”，不去真的太可惜了！,https://mp.weixin.qq.com/s?src=11&timestamp=1570191715&ver=1892&signature=R*V9ObO9KD**8uJYBIODgZeM*WWOYKomce79lzT4kFeQFUGmTMrhzZIRfp5TDgsKJwaJRjsCIS*szVv03QbtwEhxECRzbhYCjFz2DOUhR*DKGhYU8SwhvDd0K7FLW904&new=1
南京新街口使用指南,https://mp.weixin.qq.com/s?src=11&timestamp=1570191715&ver=1892&signature=R*V9ObO9KD**8uJYBIODgZeM*WWOYKomce79lzT4kFchQgr4rLBxwqs7Ut1yUCDqi45DN-2RyHd2I6BZggvw2z3jPQT1W6j4eWnD2uzU5GIoJNsNZX4GgnItu4bgywKI&new=1
南京周边私藏的8个绝美乡村，个个都是神级的隐居地！,https://mp.weixin.qq.com/s?src=11&timestamp=1570191715&ver=1892&signature=R*V9ObO9KD**8uJYBIODgZeM*WWOYKomce79lzT4kFe9s*etpsT7urkX8xdULgRUaW7PommlMZxyOat0l4k2evidj-zConR50wZKfQkmPrgxlV4Ab1lmgi4woA*J6XRv&new=1
最快1小时！南京周边这7个超适合自驾游的地方，假期玩起来！,https://mp.weixin.qq.com/s?src=11&timestamp=1570191715&ver=1892&signature=R*V9ObO9KD**8uJYBIODgZeM*WWOYKomce79lzT4kFf69pcgkkT0I3i8yC*qbiu2nY0HlZX4UgtNekKlndezg*s4sNwo9qGc9OfTo8bBbkU4AOZjaVOcgU3J7GnmB38S&new=1
请回答，南京8090！,https://mp.weixin.qq.com/s?src=11&timestamp=1570191715&ver=1892&signature=R*V9ObO9KD**8uJYBIODgZeM*WWOYKomce79lzT4kFcMFOMhYEprIEFRQy8i-HcZ35wMxfaWlUsituVMyZIuEfoUo5te9wSh*6iPWkqb5f-NvAWxcl7wYWAVZ0-47nRM&new=1
不管你是谁，在南京的4月，一定要去一次六合！,https://mp.weixin.qq.com/s?src=11&timestamp=1570191715&ver=1892&signature=R*V9ObO9KD**8uJYBIODgZeM*WWOYKomce79lzT4kFeVZ8MALQ5ofwwSKmN64Yb6PbWKuMAvV5OjTpKn5V9zH*REECccJcg*6lrIHQiGVey-jR*MMvGHBYmZ8vvU4FxQ&new=1
太好了！有了这一份公交地铁指南，南京各大景点随便去玩！,https://mp.weixin.qq.com/s?src=11&timestamp=1570191715&ver=1892&signature=R*V9ObO9KD**8uJYBIODgZeM*WWOYKomce79lzT4kFeLP6gZcq4JegRiWkcnwWogkON2OiX2w8DOhQmvqtC3UbQ-PIGvh1zo6N8ir4LgJBtrai6tR*qGriepL4nr0gOH&new=1
悄悄告诉你，我在南京周边发现了一片神奇秘境~,https://mp.weixin.qq.com/s?src=11&timestamp=1570191715&ver=1892&signature=R*V9ObO9KD**8uJYBIODgZeM*WWOYKomce79lzT4kFeHTfFeFs*tMNTGt1qvWNFVQyu-6fQ3RzY*43brFYNbDZg*vZjkNt8z7esjklRMEb9r2TyG-vKVG3JedvPFYAY8&new=1
南京吃喝玩乐，有你真好！,https://mp.weixin.qq.com/s?src=11&timestamp=1570191715&ver=1892&signature=R*V9ObO9KD**8uJYBIODgZeM*WWOYKomce79lzT4kFc5TT8O2N6ll*yNHvcYI1W*ATJGEQCZzj29IPIehizmEIQlE16nad*e6fBZufW1VqBQyjSkgMf8RSxh9nPPsaZm&new=1
金轮新天地10周年庆！全场美食5折！共享男友陪你吃喝玩乐！！,https://mp.weixin.qq.com/s?src=11&timestamp=1570191851&ver=1892&signature=R*V9ObO9KD**8uJYBIODgZeM*WWOYKomce79lzT4kFcG*roayGLTJnix8PSQXkdwa-5-Dbg6zPHH3p3-Y3klA79NqKRYEw0XP-QpTGvCCKjA1q3e8Fd75JL-Lf*lqklC&new=1
南京美女图鉴,https://mp.weixin.qq.com/s?src=11&timestamp=1570191851&ver=1892&signature=R*V9ObO9KD**8uJYBIODgZeM*WWOYKomce79lzT4kFdvCzm4EELBE8Gx8l8sjvZN12zZkm1NtQubWofXibkpQFdiPkvLV33hXD2tSzUiAg4iC7InWxuF4zGcx1Rd5KJu&new=1
"离南京这么近的网红奥莱，竟然不知道？黄金周必打卡，Balenciaga, Jimmy Choo等近130家品牌带你时尚入秋",https://mp.weixin.qq.com/s?src=11&timestamp=1570191851&ver=1892&signature=R*V9ObO9KD**8uJYBIODgZeM*WWOYKomce79lzT4kFcyeIrUWtopTVAr1dWjp*Ur3DEKZjd5G8oHhgyFyoxrUSzT-NpHrmASl3*ZBLmTKq0vVgb-Vuy1nys2l7LIcleV&new=1
南京500000株百日菊已花开成海！错过再等一年！,https://mp.weixin.qq.com/s?src=11&timestamp=1570191851&ver=1892&signature=R*V9ObO9KD**8uJYBIODgZeM*WWOYKomce79lzT4kFeqKUenGHs*TDBwJy-zbJVENaDod6lPjy6fOxk57TqhNdxBJ7pWdpAnAvIXGZgnsYP4N6Ca4wC-jHw5lG*NEY8A&new=1
南京周边这个神仙秘境终于被我发现了，40min直达，速去！,https://mp.weixin.qq.com/s?src=11&timestamp=1570191851&ver=1892&signature=R*V9ObO9KD**8uJYBIODgZeM*WWOYKomce79lzT4kFcN7pj4H7gIR*5Fq-V-wDgujJEUP6jqo-khr3MCGFPfg8zH84oi8xduqhwDRpMgqHCelSogFoDg3DUDUzDGMpBm&new=1
刺激！离南京两小时车程！苏北首座玻璃桥来了！,https://mp.weixin.qq.com/s?src=11&timestamp=1570191851&ver=1892&signature=R*V9ObO9KD**8uJYBIODgZeM*WWOYKomce79lzT4kFdUloW2jaOVlXLxSzVvlv9zy*OnkaNm4T6swXmPgJOXEbzevlQzvZ*MQ2NlZ8le8507h9nV*sAKy6DMucdAY6wp&new=1
南京40处小众打卡地，避开人人人，中秋假期走起！,https://mp.weixin.qq.com/s?src=11&timestamp=1570191851&ver=1892&signature=R*V9ObO9KD**8uJYBIODgZeM*WWOYKomce79lzT4kFfiLmAYqlh0pCtKG3L7gvS803YCvmccMd6eZS0Z4EeKMLsnBRsXdrOStRykcwTiGvYP3zHXAMlr6pyVLAtXQLNr&new=1
南京高校，全国最沙雕,https://mp.weixin.qq.com/s?src=11&timestamp=1570191851&ver=1892&signature=R*V9ObO9KD**8uJYBIODgZeM*WWOYKomce79lzT4kFfIRC2yc9CCoAd7FRH9OowEgHnP2RkynagxdiC5LiW1Nf*3WAUD9nxHZRF0lilwaxed5umEEGfFMxWDDXTDDSkJ&new=1
25个好消息来袭！南京的交通大爆发！,https://mp.weixin.qq.com/s?src=11&timestamp=1570191851&ver=1892&signature=R*V9ObO9KD**8uJYBIODgZeM*WWOYKomce79lzT4kFfOxjGD8O1jq-7Fbfm7wFPxRqdmwyxw1G*csh9ig-pN7rtYFWTx2VJOwtHOhbMUq3nEMznGuyKKOH2mMz4ymJR4&new=1
南京8家超好吃的砂锅全在这了，总有一家是你喜欢的！,https://mp.weixin.qq.com/s?src=11&timestamp=1570191851&ver=1892&signature=R*V9ObO9KD**8uJYBIODgZeM*WWOYKomce79lzT4kFcjhhzFMmP*TQgCE3ZF*NoqUi8Z9vbNzDBxcjX6nlsLefsI7qHQvI5zqJ7OWQk4NAZR4vmrA0bCvn3AVU0l-NmF&new=1
南京新增5条机场线！以后可以直飞这几个地方！,https://mp.weixin.qq.com/s?src=11&timestamp=1570192002&ver=1892&signature=R*V9ObO9KD**8uJYBIODgZeM*WWOYKomce79lzT4kFc85XqN7zod5ZUkvYqlE4fAtZ9In7BbaJ09yqyTaAUhNfupzf7Em6-n7BAkvRWORlDkWXRkqL4iTwR5HBgMaOYM&new=1
这些经典方言，外地人混南京必备！,https://mp.weixin.qq.com/s?src=11&timestamp=1570192002&ver=1892&signature=R*V9ObO9KD**8uJYBIODgZeM*WWOYKomce79lzT4kFdt22GlraGEBK6ElMVoHuNOEm84nLw8pV3Y8nVonU*2x4ixR4EKBL3yJfvVdqYIb7nwN7WJuQ*6r-nH0PekSPs2&new=1
南京人秋游的“秘密根据地”，终于藏不住了！,https://mp.weixin.qq.com/s?src=11&timestamp=1570192002&ver=1892&signature=R*V9ObO9KD**8uJYBIODgZeM*WWOYKomce79lzT4kFejNbrwh4q6eAZWBGAeoQEuCAtC4FCxnanKB3MdK7eODjA3x-PZC4oCbNOgSZAsK7x5jyAo*dn6XrCC7y7md9SW&new=1
美炸了！9月南京这7片花海惊艳全城！,https://mp.weixin.qq.com/s?src=11&timestamp=1570192002&ver=1892&signature=R*V9ObO9KD**8uJYBIODgZeM*WWOYKomce79lzT4kFdpWr3SfMh82RnClJkFplDdolq-UkbA1*lyOY047kifbf7mejVlokhpn9SrHbSJSwNoq0ZKuBWyj3RB1tnUpFMQ&new=1
实名控诉！因为这些，南京人想瘦都瘦不下来！,https://mp.weixin.qq.com/s?src=11&timestamp=1570192002&ver=1892&signature=R*V9ObO9KD**8uJYBIODgZeM*WWOYKomce79lzT4kFd*IzGLWu6ytQgLKxALWuCn-EjrvVMbfAbuYr*9Yh932OyBf2iXJ9rSyrfOPeYoWaTWVQBQu6B8cuqc18BoYvTf&new=1
十万只大闸蟹免费送！南京人都奔赴这片古战场了！,https://mp.weixin.qq.com/s?src=11&timestamp=1570192002&ver=1892&signature=R*V9ObO9KD**8uJYBIODgZeM*WWOYKomce79lzT4kFe1d6P69ErkHBupTiKDcIjdaxxqewBN8GbxL2M5SN30PREVlnY70fKtEOG2fe1wpjoCH7qNkEnheXEtlFzDbHUZ&new=1
南京周边这个古村，藏着最美的秋色！假期走起！,https://mp.weixin.qq.com/s?src=11&timestamp=1570192002&ver=1892&signature=R*V9ObO9KD**8uJYBIODgZeM*WWOYKomce79lzT4kFfdrAVLJeVChWGW6CgLFnlRSAhE6vLC*5EUsv5H4W1mx3b8TGJPchVYGbQpJBW3l7XwEDMhpWeAy9Tm1outRgGa&new=1
耍大牌！这个朝鲜族小鲜肉，南京人回答出这三个问题才能见？！,https://mp.weixin.qq.com/s?src=11&timestamp=1570192002&ver=1892&signature=R*V9ObO9KD**8uJYBIODgZeM*WWOYKomce79lzT4kFdcVeVbiRqCK4sSzTokQ9d6WT*OnNSXJtAhZq7tF-hTQ3k1W6a6-JttdhIPiL40ne-YceC7S1T2-xF4xozcqcXh&new=1
南京周边这个免费古镇，低调了1000多年！你去过吗？,https://mp.weixin.qq.com/s?src=11&timestamp=1570192002&ver=1892&signature=R*V9ObO9KD**8uJYBIODgZeM*WWOYKomce79lzT4kFdGtqz1WtnnBz3CFbE4e1sXIPWuIYQarNT2dPS6QoB1-xhAyq7h0tYC056a9FAM7mFYX*xW9XTwwHDNEGNjNbMj&new=1
祝南京人十一快乐，超级大闸蟹自助买一赠一，小孩全免！,https://mp.weixin.qq.com/s?src=11&timestamp=1570192002&ver=1892&signature=R*V9ObO9KD**8uJYBIODgZeM*WWOYKomce79lzT4kFfuRf43EhFZN-G3XVQFSY5YNqe7B3uD3Lyex3rpci42HHfV611azB53YIDcUu7gD1zoVR8KxdMYTgizNzkMZ7*V&new=1
溧水火了，未来这里全南京都羡慕！,https://mp.weixin.qq.com/s?src=11&timestamp=1570192152&ver=1892&signature=R*V9ObO9KD**8uJYBIODgZeM*WWOYKomce79lzT4kFf3QtmTh4neeX3LCktPHre6nE4Dk5R3u*1QksEHnGIqfwKUMVOlSedNb7weAO6MBUR-f-76sXrQLV-W*zS210Wy&new=1
超燃！3000人在南京小手拉大手，一起为爱麦跑！,https://mp.weixin.qq.com/s?src=11&timestamp=1570192152&ver=1892&signature=R*V9ObO9KD**8uJYBIODgZeM*WWOYKomce79lzT4kFeZq-6y*3KkxCe32sgM0-*0yux9KzKcoOARs11jy0vZuSHenuW5hH9UXradsr1ap23QIPKYnrGn6ATK1I7iJQLp&new=1
天呐！南京人连雨花石都吃？？？,https://mp.weixin.qq.com/s?src=11&timestamp=1570192152&ver=1892&signature=R*V9ObO9KD**8uJYBIODgZeM*WWOYKomce79lzT4kFfcweSFVdH0Ul*u6Dmx9ael3EvkGmy8mKRFw6LOVSRq5CVc0g87u6X7ArFETiyP9zeKyhnH0v4hH1DPBhxTojVw&new=1
5折大餐、限量金条、万元购物金！河西这里将承包你跨年的吃喝玩乐！,https://mp.weixin.qq.com/s?src=11&timestamp=1570192152&ver=1892&signature=R*V9ObO9KD**8uJYBIODgZeM*WWOYKomce79lzT4kFdvgFnDRFoegk22imjtsSE-hXUD5cq4W7kL9cSalhQEWgnZ20ufukYXnzcazv1RB4z181nnrT1OoQkOHXx8VKv2&new=1
三天后，全南京人都在玄武湖！,https://mp.weixin.qq.com/s?src=11&timestamp=1570192152&ver=1892&signature=R*V9ObO9KD**8uJYBIODgZeM*WWOYKomce79lzT4kFevgkYs5v-rpsZSJNXp9oK8caZbYhJmwdIZ*QXTrl7EFo0M*zH92UxcMwuSh6V-p1I7Tzj0MqDZpqR4rmijgfyL&new=1
还去张家界？让人腿软的玻璃栈道，南京周边就有！,https://mp.weixin.qq.com/s?src=11&timestamp=1570192152&ver=1892&signature=R*V9ObO9KD**8uJYBIODgZeM*WWOYKomce79lzT4kFfnePQVl-c0eccrzy-*vJjJZ17ZcPLsMBd1mbxiHcYsjGfN3JvwZJHDZzJeVL0G4t74rPiEEJdR-vjlJQ1jSX2B&new=1
一秒售罄的《乐队的夏天》HOT巡演南京站，这里竟然还有票？！,https://mp.weixin.qq.com/s?src=11&timestamp=1570192152&ver=1892&signature=R*V9ObO9KD**8uJYBIODgZeM*WWOYKomce79lzT4kFd0TZ705xVUQS4nSsjI74J8kyZPtMSElMqIY0NwoHrqH0FFcY-A11CAWzUVVDaGnM-USyLg1zJmmr*8cCeePxpB&new=1
身份证是3201的南京人注意了，再忙也要看一下！,https://mp.weixin.qq.com/s?src=11&timestamp=1570192152&ver=1892&signature=R*V9ObO9KD**8uJYBIODgZeM*WWOYKomce79lzT4kFePf3HbBJP6aybczEJ835ZHS8EqTCu5DfX2YZvq5Up37X7my1iTOktOSZcKQpgBURi3AoZrH*-Xk6U1xxGNl2R3&new=1
OMG！南京潘西秒变山东媳妇儿的秘密竟是它！,https://mp.weixin.qq.com/s?src=11&timestamp=1570192152&ver=1892&signature=R*V9ObO9KD**8uJYBIODgZeM*WWOYKomce79lzT4kFetj5R9JfIHiguitw*4Nh9hLJXpZB2dFZrXcneEyK3qeVtKiQyo9m1wnH*Bj-Mym4MGGX-zW2TgX84udAK-xh79&new=1
南京自贸区批了！江北新区要逆天了！,https://mp.weixin.qq.com/s?src=11&timestamp=1570192152&ver=1892&signature=R*V9ObO9KD**8uJYBIODgZeM*WWOYKomce79lzT4kFe-qo4Vh7JQxyVq7-JyyzIKMD9WED0ArxR7mq5TBQQeddg20djgdoWEZE1Ft*IWKJLxI4JAuPm0lgyThaI9q8qi&new=1
重磅！南京又多了两个国家级旅游示范区，周末走起！,https://mp.weixin.qq.com/s?src=11&timestamp=1570192288&ver=1892&signature=R*V9ObO9KD**8uJYBIODgZeM*WWOYKomce79lzT4kFeU3bFbap1Cs07KtZdYJQusNTjcDbZIJ9YO6xGvNYxtmfDDwfAQgp5d9u6n1HDnqIR-5BUOsh-nYnnpqiiBM9ye&new=1
850万南京人翘首期盼！刷爆盆友圈的“金陵古城”提前开票啦！,https://mp.weixin.qq.com/s?src=11&timestamp=1570192288&ver=1892&signature=R*V9ObO9KD**8uJYBIODgZeM*WWOYKomce79lzT4kFcoXwXHpqLMz02qpyP-1t2gOEmDwoJUF24WcjTK4R6CI4xyy*v1UzJ0NhiBZfFryNMZ3IsjDKOP2uq67mEGZ-4K&new=1
双人夜场99元！南京这个神仙宝藏乐园，没人能拒绝！,https://mp.weixin.qq.com/s?src=11&timestamp=1570192288&ver=1892&signature=R*V9ObO9KD**8uJYBIODgZeM*WWOYKomce79lzT4kFfwNLNletYK5kWEl7e01bOKJZhwTcGLYV85CVKiKH*IDb5qebyvjk2NLuDsaIMVc4ZjQM4zqA7qNfxt137CLORB&new=1
10元吃到饱！藏在南京超美味的9家平价美食，没吃过你就亏大了！,https://mp.weixin.qq.com/s?src=11&timestamp=1570192288&ver=1892&signature=R*V9ObO9KD**8uJYBIODgZeM*WWOYKomce79lzT4kFeOIcyfasSfPLR4ulxJw0zPxSwGJNo6qqfMg*qeLMjcGIHbjKRNkDl9tdhx-MdM-5gfqEMbWyIfaduGA6m8JagN&new=1
比丽江还美的古镇，距南京仅35公里，自驾1小时直达！,https://mp.weixin.qq.com/s?src=11&timestamp=1570192288&ver=1892&signature=R*V9ObO9KD**8uJYBIODgZeM*WWOYKomce79lzT4kFfJWJKN-HQHSgSyUT0wNEYL91uZTl0g5W24hfVbPB6s06Y6d2zW1O5ALgaxBqctaUW2KP6vDK5qXkuNd-Kruv*K&new=1
一口上头！南京惊现“魔鬼美蛙锅”，人均50随便吃！,https://mp.weixin.qq.com/s?src=11&timestamp=1570192288&ver=1892&signature=R*V9ObO9KD**8uJYBIODgZeM*WWOYKomce79lzT4kFcoIeV54Sk0Zdq2Wp3soTz-WAIFydpPGaWGwGpn3nUc5wPZQuMSfR9OSjTG5S6lgggGwUUJWrtWh*lT8-LvFGrk&new=1
南京唯一！金陵中学河西分校火了！,https://mp.weixin.qq.com/s?src=11&timestamp=1570192288&ver=1892&signature=R*V9ObO9KD**8uJYBIODgZeM*WWOYKomce79lzT4kFcOZJJ8qLSCPnbtS8CPJaxbP8kYIsT7WH2nvE0DdJqI1mpOWejPbgvojf19skR-tRJdz6GEclyfH*-y*WM3m-Y4&new=1
5.9折！南京人等了22年的神级火锅，新店开业前方473桌！,https://mp.weixin.qq.com/s?src=11&timestamp=1570192288&ver=1892&signature=R*V9ObO9KD**8uJYBIODgZeM*WWOYKomce79lzT4kFe52bcZD8hsicjk1v-9mscqwU5nXnKNy9HjznBSLMYjywjaMGVxKMxhNJnkbO4adXNhvQdZ1*1-aLLEzOXmIcYR&new=1
邓超：南京，好吃！,https://mp.weixin.qq.com/s?src=11&timestamp=1570192288&ver=1892&signature=R*V9ObO9KD**8uJYBIODgZeM*WWOYKomce79lzT4kFfaN69nvXeEXeXEwP1KehHXdfwSm4QseFw9KpQStkJnLOQPY1z1YDWZAEA6u2AgauxAj1sjQGcw0*tLbsY4OsS1&new=1
这个七夕，TA竟然把南京潘西宠上了天！,https://mp.weixin.qq.com/s?src=11&timestamp=1570192288&ver=1892&signature=R*V9ObO9KD**8uJYBIODgZeM*WWOYKomce79lzT4kFfPwpGtshSUoYbSx5JkeomOKZoUjpaIHZcTR6mbjh0W*KpFpTDj9VbkbMzRTAPTg8lMcR3z-g-kZumwJCDBbx12&new=1
又一“地标”即将开业！今年的南京要成为超好玩的地方啦！,https://mp.weixin.qq.com/s?src=11&timestamp=1570192420&ver=1892&signature=R*V9ObO9KD**8uJYBIODgZeM*WWOYKomce79lzT4kFe3NrEHOrJzHLAA3LoFh8bMoP277Vm9XOANIGmsdC4vfa3D2PBdAGWjmdxj3tImJHJ0Zwm-VSXUuRrtRDzrUwTR&new=1
天上撒钱啦！首付20万起就能入住南京主城区精装房！,https://mp.weixin.qq.com/s?src=11&timestamp=1570192420&ver=1892&signature=R*V9ObO9KD**8uJYBIODgZeM*WWOYKomce79lzT4kFfe8tR5qhWrNTUangMJZ247ugvuoXvUlFhdhwq13p05DZbL7v0n4a*IhzrGrjiwTELnGLkSK085bjv7VJvg9j5C&new=1
央视镜头下的南京大餐，99.99%的南京人都没吃过！,https://mp.weixin.qq.com/s?src=11&timestamp=1570192420&ver=1892&signature=R*V9ObO9KD**8uJYBIODgZeM*WWOYKomce79lzT4kFcmEfheUaNXMnOZU1pJN*2DsffH4KhGcEkxFEmXROdhqI9bDfG3fUBmYhSzxYTbQGGF3BLdoR1Rg5RlJ46huoIJ&new=1
南京人竟然在这里，做了一场“汤山仲夏梦”！,https://mp.weixin.qq.com/s?src=11&timestamp=1570192420&ver=1892&signature=R*V9ObO9KD**8uJYBIODgZeM*WWOYKomce79lzT4kFd1mlSe71nOFshBmtXbbxWFSL-VmuLeJccuRRRr3Z-lvOmotqhKdMR2f-gcsW-svwbubuUBy2aS8R797xa95BDK&new=1
五一的南京，人人人人人人！,https://mp.weixin.qq.com/s?src=11&timestamp=1570192420&ver=1892&signature=R*V9ObO9KD**8uJYBIODgZeM*WWOYKomce79lzT4kFfsx*Cu6uz6VcZ0QGXe5QXpSE2yfhuN-fZAjBGF8MnmFZONoNP7OaqmAPPq-PVUfwYuss1xZVyGc99mgUDh00bs&new=1
车票只要28.5！南京周边竟藏了个“小桂林”！美成仙境还免费！,https://mp.weixin.qq.com/s?src=11&timestamp=1570192420&ver=1892&signature=R*V9ObO9KD**8uJYBIODgZeM*WWOYKomce79lzT4kFfnx-o9ZxxBn4y2VjupOQ8DEGUuCu8RmajD13IBmMxXlBCyRLaV0TEE4OOnJKMs-tQMWW0Wjo1SGWqGdMf9MisR&new=1
“绿巨人”复兴号来了！南京出发2h直达启东！,https://mp.weixin.qq.com/s?src=11&timestamp=1570192420&ver=1892&signature=R*V9ObO9KD**8uJYBIODgZeM*WWOYKomce79lzT4kFe5p8a1QnXa8GRSI2U98-ntGVOgib5q9Ue*vxOPRIi*oXonmxL82-nZxfwoM-0bJUF09MyxRts0kf8uwBiz2lUB&new=1
本周末，南京这些地方统统免费！,https://mp.weixin.qq.com/s?src=11&timestamp=1570192420&ver=1892&signature=R*V9ObO9KD**8uJYBIODgZeM*WWOYKomce79lzT4kFd19E6kSCnc1EEeyH95MSCgDYzqUyYYZxVDkw3rI0Edq-mmnE5YSxLWAWCR0QwIJEC8ZV6Dk80AZr9HPSzi8DZ1&new=1
南京又多了四个国家级景点，美到窒息！还免费！,https://mp.weixin.qq.com/s?src=11&timestamp=1570192420&ver=1892&signature=R*V9ObO9KD**8uJYBIODgZeM*WWOYKomce79lzT4kFfBoJgyRAZ1vPKLk*xTw1Bu-TZCS5fg1F3oTKPSO9FrOT28*j-hNVxcdGBsLfhpoR-hi4xLWyk*8UBkqGHpUdX2&new=1
3吨可乐在南京街头洒落一地，南京人竟然…,https://mp.weixin.qq.com/s?src=11&timestamp=1570192420&ver=1892&signature=R*V9ObO9KD**8uJYBIODgZeM*WWOYKomce79lzT4kFdipAwnVu4OM5dZ182dN99JrdtWE0HQFF8BfS1IFW1o7GkyMLFlhDP3B5b9wmamDpUnQgQ07JszrPMfgpkXFOWi&new=1
这些开在居民区里的老店，南京人私藏很久了！,https://mp.weixin.qq.com/s?src=11&timestamp=1570192555&ver=1892&signature=R*V9ObO9KD**8uJYBIODgZeM*WWOYKomce79lzT4kFeVPCg7m1ifSeSL0r9oV4-YfcSugk9eRbzdsHJqFYUT47i0SWP*Yo3Nt6GiX6tagLb2ddiTwEFYBCEQgeLC63TH&new=1
南京这10家刁角小店，经典中的经典，开豪车来也要排队！,https://mp.weixin.qq.com/s?src=11&timestamp=1570192555&ver=1892&signature=R*V9ObO9KD**8uJYBIODgZeM*WWOYKomce79lzT4kFeESxTcOMFtdb9ogKP-1EF0DYwSmcGyplPRdO0OiuH*OpBx6Uup93RSRrmCmnWmboYaRlQkTOLN0ZPwWmqpVT02&new=1
年薪10W+！南京又有一大波好单位招人，千万别错过！,https://mp.weixin.qq.com/s?src=11&timestamp=1570192555&ver=1892&signature=R*V9ObO9KD**8uJYBIODgZeM*WWOYKomce79lzT4kFfCDoT3QCS8WF-wLc54u1pmG6CduvUxegG1-ZkjOA5YUWmvwDohc3x--P5ScdSMa167oCmfz8AFL1NfEkDPCNpj&new=1
一辆公交带你玩浦口，很多南京人还不知道！,https://mp.weixin.qq.com/s?src=11&timestamp=1570192555&ver=1892&signature=R*V9ObO9KD**8uJYBIODgZeM*WWOYKomce79lzT4kFeSOrII5c-DqdcWY7f2gJws*xxdZVVULXulxc36Y8XSb8hHeBNSAkeP2joQ6I3piXtNuiufX*nxDmI6EX1ILU5v&new=1
2019南京必吃榜单出炉！跟着吃就对了！,https://mp.weixin.qq.com/s?src=11&timestamp=1570192555&ver=1892&signature=R*V9ObO9KD**8uJYBIODgZeM*WWOYKomce79lzT4kFfxyDVHAQItE99do31MAUC7lhXX69V3LgUNhmh5CtEz7AlazujJsy6VrLTIJrPp3w0OvyRo-inWh8Ey05urjGkx&new=1
真皮警告！瓜皮大司马的“皮吧”来南京了！玩到不想走！,https://mp.weixin.qq.com/s?src=11&timestamp=1570192555&ver=1892&signature=R*V9ObO9KD**8uJYBIODgZeM*WWOYKomce79lzT4kFd2O2Sc5GDwZN4OaFpE-D9-LZ*sjrI4V3VntmTNq-5GatD5OGA9Xd59lM3RRykMSt2mbg4gKSfrbwvAukafB2Tk&new=1
流浪地球爆红之后，南京火了！,https://mp.weixin.qq.com/s?src=11&timestamp=1570192555&ver=1892&signature=R*V9ObO9KD**8uJYBIODgZeM*WWOYKomce79lzT4kFeoDG7qG0QgMhkR6bWEAfvvOUBOg-mvbxAPyFMBm8aS3DqlWLU4rUHJ8SIjhnRPd2VjKruhgPTzTJZgmhoZSrDF&new=1
南京非常值得吃的30家店，少吃一家都不行！,https://mp.weixin.qq.com/s?src=11&timestamp=1570192555&ver=1892&signature=R*V9ObO9KD**8uJYBIODgZeM*WWOYKomce79lzT4kFc4sQqy*KzPBNr8imwjymW9bOw60zgJjynlGyy6q6s9DOTi8LUEWIkIozSadK5dwVDVPyjh-07JAOVKNXjm7LSA&new=1
端午假期南京最强接待指南！不要再问我来南京玩什么了！,https://mp.weixin.qq.com/s?src=11&timestamp=1570192555&ver=1892&signature=R*V9ObO9KD**8uJYBIODgZeM*WWOYKomce79lzT4kFdEnpjvVJOW6gpGc7iA-dKwJKc6P9XkCysbQuneAlSOKM22YZgFR4IXtTaizjDb5oQSheebilng3Rbaszw*yNo6&new=1
看完南京人吃什么，外地人哭了,https://mp.weixin.qq.com/s?src=11&timestamp=1570192555&ver=1892&signature=R*V9ObO9KD**8uJYBIODgZeM*WWOYKomce79lzT4kFcUX4HLSqaCZBOvXjsFZuldl3qJri8*GMQMFQUbl5Ky*npmS9FhBa41Wl1IqvfuPh*T1oF1vduzq1wK9W0SorlJ&new=1
请回答，南京1999！,https://mp.weixin.qq.com/s?src=11&timestamp=1570192699&ver=1892&signature=R*V9ObO9KD**8uJYBIODgZeM*WWOYKomce79lzT4kFf3VWE8ODxR33vvSp7a2z36ASWkHqlaownVIhvjdeB2FOEpy1C7J2cG7MwzOFcTmBMY-e1*9fvHdTpxUrs9H33l&new=1
20个好消息，8月的南京人幸福爆了！,https://mp.weixin.qq.com/s?src=11&timestamp=1570192699&ver=1892&signature=R*V9ObO9KD**8uJYBIODgZeM*WWOYKomce79lzT4kFdJrKmt*bVhPXdYN02WmschhNjDsLOfel7Y7VzqwQdU3rtTZX9Bjf4AyajgrP-WUJuoPuX5uyfy70FA2Hdbic1d&new=1
100抵1000！0元看电影！南京这家超人气商场玩大了！,https://mp.weixin.qq.com/s?src=11&timestamp=1570192699&ver=1892&signature=R*V9ObO9KD**8uJYBIODgZeM*WWOYKomce79lzT4kFfL6yv0idWPb8QUp1I-Rm2uWQwhkCvwWopsehz19HF4rCcUkbZeoopUlPq5WX-VtFx0WhLSc5D2pNRcx1LZ6F6b&new=1
南京美爆了的15个地铁站，我带你一天逛完！,https://mp.weixin.qq.com/s?src=11&timestamp=1570192699&ver=1892&signature=R*V9ObO9KD**8uJYBIODgZeM*WWOYKomce79lzT4kFcYzj4X1i7LkQnxg3HcBMnJW5OIlH8kM2HwHnVEt9dxcc9JPS47Ws7Qc2rugotuWra9Qv4yEdSrdeseq*0UP4Zm&new=1
60张东郊绝美照片，告别南京的夏天,https://mp.weixin.qq.com/s?src=11&timestamp=1570192699&ver=1892&signature=R*V9ObO9KD**8uJYBIODgZeM*WWOYKomce79lzT4kFdTMos1fbXS2XacWWozUIfvDAeDlVFHSWXv4AqmkQ6SK2ohUij6E7obqzWuYH05aRyPUQbLsUp6kSdQ92P6SGmi&new=1
看，这个南京人又胖了。,https://mp.weixin.qq.com/s?src=11&timestamp=1570192699&ver=1892&signature=R*V9ObO9KD**8uJYBIODgZeM*WWOYKomce79lzT4kFcljGEeU8LGsYb2-uPp6Z5zIU0duNddWRExus4T*H7pQOBoRwfpBjmNGsBL3WIv0*NeNCAjrJLXfU5XqDTRcd8h&new=1
这15碗米饭，是我们在南京活下去的动力！,https://mp.weixin.qq.com/s?src=11&timestamp=1570192699&ver=1892&signature=R*V9ObO9KD**8uJYBIODgZeM*WWOYKomce79lzT4kFc0-NxfjsphQz8P9ZZC*ix-Pdk3Rt3ByGOzn0tnpaLHqdAoOg8Z9s5tAr7ew3YAqXcoXqCNDCWGHWLgE6DLcH2y&new=1
-1℃的南京，真的很温暖！,https://mp.weixin.qq.com/s?src=11&timestamp=1570192699&ver=1892&signature=R*V9ObO9KD**8uJYBIODgZeM*WWOYKomce79lzT4kFf7gIISJCnT*XOniqtSXbGOs9wenbxICDrDpV1WhCuWqZE0wEdHaKrMTGu0aztw5GYOyhrgjVTNd03IF-DAzeaU&new=1
在南京，几代人的回忆都在这里...,https://mp.weixin.qq.com/s?src=11&timestamp=1570192699&ver=1892&signature=R*V9ObO9KD**8uJYBIODgZeM*WWOYKomce79lzT4kFcuwwWhJm6Orn9p4P2dZJisru9jWkOp2*kj6JyhnnNn7OD14TTYF6oSdbLniN0uasf1qcDFZiAk0ePLBBy2OH5M&new=1
5月南京人不可错过的旅行地，这里的初夏美成了仙境！,https://mp.weixin.qq.com/s?src=11&timestamp=1570192699&ver=1892&signature=R*V9ObO9KD**8uJYBIODgZeM*WWOYKomce79lzT4kFdX-qU3ggdQBKExiVmke3smhIJr5e9Lc9WX6Vgro1irfX0bIV-QukzTEopFjVcfNLvFtq2C0EYlTEWfMEhd4Qkb&new=1
